{
  "n_original": 3386,
  "alignment": {
    "n_original": 3386,
    "n_valid": 3386,
    "n_invalid": 0,
    "fraction_valid": 1.0,
    "visibility_min": 21,
    "visibility_max": 43,
    "visibility_mean": 25.66391021854696
  },
  "motion_filtering": {
    "n_original": 3386,
    "n_moving": 2099,
    "n_static": 1287,
    "fraction_moving": 0.6199054932073242,
    "motion_threshold": 0.01,
    "motion_method": "total_displacement",
    "motion_min": 0.0025671040639281273,
    "motion_max": 0.20184718072414398,
    "motion_mean": 0.014628645001425987,
    "motion_median": 0.011965891346335411,
    "motion_moving_min": 0.010001237504184246,
    "motion_moving_mean": 0.01951231393411138,
    "motion_static_max": 0.009987403638660908
  },
  "n_refined": 2099,
  "total_reduction_factor": 1.613149118627918
}